{
  "Mean": {
    "confidence_interval": {
      "confidence_level": 0.95,
      "lower_bound": 650.8825139221573,
      "upper_bound": 652.1987592494025
    },
    "point_estimate": 651.4375154531674,
    "standard_error": 0.34131139390497717
  },
  "Median": {
    "confidence_interval": {
      "confidence_level": 0.95,
      "lower_bound": 650.3323759299369,
      "upper_bound": 651.1104334031163
    },
    "point_estimate": 650.555119498398,
    "standard_error": 0.20828216190364524
  },
  "MedianAbsDev": {
    "confidence_interval": {
      "confidence_level": 0.95,
      "lower_bound": 1.0277314418727752,
      "upper_bound": 1.6747855252053723
    },
    "point_estimate": 1.2752600172497255,
    "standard_error": 0.16073860115027602
  },
  "Slope": {
    "confidence_interval": {
      "confidence_level": 0.95,
      "lower_bound": 650.6695337325831,
      "upper_bound": 651.2990022027217
    },
    "point_estimate": 650.9670857092036,
    "standard_error": 0.1608443782803233
  },
  "StdDev": {
    "confidence_interval": {
      "confidence_level": 0.95,
      "lower_bound": 1.4832243919127521,
      "upper_bound": 5.3273509368709355
    },
    "point_estimate": 3.4134972334411056,
    "standard_error": 1.199953085658992
  }
}